date,ticker,expiration,strike,delta,premium,iv,return_pct,annual_yield_pct,pop_pct,spread_pct,cushion_pct,rsi,adx,collateral,mlabs_score
2025-12-08,ATI,2025-12-19,95,-0.22,1.05,38,1.11,34,80,9,5,61,19,9500,65.6
2025-12-08,DHR,2025-12-19,220,-0.27,2.00,28,0.91,28,77,7,3,58,35,22000,65.6
2025-12-08,IBM,2025-12-19,300,-0.30,3.10,30,1.03,31,75,9,3,57,19,30000,62.0
2025-12-08,WYNN,2025-12-19,121,-0.29,1.62,42,1.34,41,75,10,4,51,15,12100,61.3
2025-12-08,NEE,2025-12-26,80,-0.27,0.90,30,1.12,22,77,6,4,46,18,8000,59.1
2025-12-08,GE,2025-12-26,275,-0.28,3.35,30,1.22,23,76,4,3,38,18,27500,47.0
2025-12-08,RCL,2026-01-02,240,-0.23,3.75,41,1.56,22,78,9,7,40,30,24000,44.8
2025-12-08,ANET,2026-01-16,117.5,-0.25,3.10,48,2.64,24,76,9,9,44,17,11800,42.4
2025-12-08,BBY,2025-12-19,70,-0.22,0.74,35,1.06,32,80,8,6,41,16,7000,41.1
2025-12-04,DHR,2025-12-19,220,-0.23,1.85,30,0.84,20,79,8,4,62,36,22000,65.6
2025-12-04,ATI,2026-01-16,92.5,-0.29,2.45,40,2.65,22,73,10,6,56,21,9200,58.0
2025-12-04,GE,2025-12-19,280,-0.30,3.50,29,1.25,30,75,10,3,40,18,28000,50.5
2025-12-03,PHM,2025-12-05,124,-0.21,0.60,37,0.48,88,83,8,2,62,27,12400,65.9
2025-12-03,HAL,2025-12-12,26,-0.27,0.28,34,1.08,44,77,7,3,58,19,2600,65.1
2025-12-03,ATI,2026-01-16,92.5,-0.28,2.50,42,2.70,22,74,10,6,57,22,9200,58.8
2025-12-03,FSLR,2026-01-16,240,-0.26,7.40,52,3.08,26,75,8,9,55,15,24000,56.4
2025-12-03,EBAY,2025-12-19,80,-0.27,0.89,31,1.11,25,77,9,4,44,21,8000,52.5
2025-12-03,GE,2025-12-12,282.5,-0.29,2.65,31,0.94,38,76,7,2,41,17,28200,50.4
2025-12-02,WYNN,2026-01-16,125,-0.29,3.20,48,2.56,21,74,6,6,63,16,12500,74.3
2025-12-02,AAL,2025-12-05,13.5,-0.27,0.17,55,1.26,153,78,6,3,62,22,1400,71.3
2025-12-02,FSLR,2026-01-16,240,-0.26,7.70,51,3.21,26,75,7,9,56,16,24000,67.5
2025-12-02,NEE,2025-12-12,82,-0.24,0.59,27,0.72,26,79,8,3,54,22,8200,67.4
2025-12-02,INCY,2025-12-19,95,-0.28,2.65,64,2.79,60,75,9,7,54,26,9500,65.3
2025-12-02,PSX,2025-12-19,135,-0.28,1.55,33,1.15,25,75,9,3,58,19,13500,62.3
2025-12-02,IBM,2025-12-19,295,-0.28,3.50,30,1.19,25,76,10,3,56,18,29500,60.8
2025-12-02,SCHW,2025-12-12,90,-0.25,0.70,27,0.78,28,79,7,3,48,16,9000,58.5
2025-12-02,GE,2025-12-12,277.5,-0.21,1.89,33,0.68,25,81,7,4,40,17,27800,51.0
2025-12-02,BBY,2026-01-16,72.5,-0.30,1.83,37,2.52,20,72,8,6,48,18,7200,49.2
2025-12-01,EQT,2025-12-19,58,-0.25,0.70,45,1.21,23,78,10,5,64,18,5800,77.6
2025-12-01,DHR,2025-12-19,220,-0.29,2.45,31,1.11,21,76,10,3,62,35,22000,62.6
2025-12-01,ATI,2025-12-19,95,-0.25,1.45,40,1.53,29,77,10,6,64,24,9500,58.8
2025-12-01,CEG,2025-12-05,352.5,-0.28,4.30,49,1.22,89,77,9,3,54,15,35200,48.2
2025-12-01,EBAY,2025-12-19,80,-0.29,1.06,34,1.33,25,75,10,3,44,21,8000,44.2
2025-11-26,NUE,2025-12-19,150,-0.29,2.55,34,1.70,27,74,8,4,67,19,15000,72.3
2025-11-26,EQT,2025-12-19,54,-0.27,0.88,37,1.63,26,76,6,5,50,16,5400,67.3
2025-11-26,NEE,2025-12-19,82,-0.30,1.06,28,1.29,21,74,10,3,57,25,8200,60.4
2025-11-26,SCHW,2025-12-19,87.5,-0.28,1.12,28,1.28,20,76,8,4,38,18,8800,53.9
2025-11-17,AAPL,2025-11-21,267.5,-0.27,1.63,25,0.61,44,78,10,2,65,32,26800,71.2
2025-11-17,PSX,2025-11-28,138,-0.29,1.60,30,1.16,35,75,9,3,64,26,13800,70.2
2025-11-17,NU,2025-12-19,15,-0.30,0.37,39,2.47,27,73,8,5,51,19,1500,68.1
2025-11-17,GILD,2025-12-12,120,-0.29,1.78,31,1.48,21,75,8,4,62,17,12000,67.3
2025-11-17,BAC,2025-11-21,51.5,-0.25,0.31,25,0.60,44,79,3,2,51,18,5200,66.7
2025-11-17,GE,2025-11-21,295,-0.21,1.86,32,0.63,46,81,9,3,50,19,29500,59.5
2025-11-17,AMAT,2025-12-19,210,-0.26,4.95,43,2.36,26,75,9,7,51,22,21000,58.7
2025-11-17,RL,2025-12-19,310,-0.25,5.90,38,1.90,21,76,10,6,55,18,31000,56.8
2025-11-13,DVN,2025-11-28,34,-0.28,0.42,37,1.24,28,76,7,3,65,16,3400,68.5
2025-11-13,LRCX,2025-12-19,150,-0.29,5.00,52,3.33,33,72,10,7,59,22,15000,66.4
2025-11-13,GLW,2025-11-28,85,-0.27,1.24,42,1.46,33,76,9,5,57,20,8500,66.1
2025-11-13,NVDA,2025-11-14,190,-0.23,1.07,48,0.56,103,82,2,2,52,16,19000,62.8
2025-11-13,WFC,2025-11-14,85,-0.22,0.30,28,0.35,64,83,6,1,56,16,8500,61.1
2025-11-13,NKE,2025-11-21,62.5,-0.28,0.58,35,0.93,38,76,7,3,44,31,6200,47.3
2025-11-13,ANET,2025-11-21,130,-0.30,2.20,56,1.69,69,75,7,4,38,17,13000,43.9
2025-11-13,NXPI,2025-12-19,190,-0.26,4.20,47,2.21,22,75,9,7,41,30,19000,40.2
2025-11-12,LRCX,2025-12-05,145,-0.21,2.50,55,1.72,27,80,7,9,58,24,14500,67.7
2025-11-12,WFC,2025-11-14,85,-0.24,0.37,28,0.44,79,81,5,1,56,16,8500,66.1
2025-11-12,GLW,2025-11-21,85,-0.29,1.14,49,1.34,54,75,8,3,55,21,8500,64.5
2025-11-12,GE,2025-12-05,300,-0.30,4.50,33,1.50,24,75,9,3,58,20,30000,63.6
2025-11-12,NVDA,2025-11-14,187.5,-0.20,1.26,50,0.67,123,84,2,3,52,17,18800,58.0
2025-11-12,LUV,2025-12-19,30,-0.29,0.81,63,2.70,27,73,7,6,51,15,3000,51.6
2025-11-12,ETN,2025-12-19,350,-0.29,7.10,36,2.03,20,74,9,5,45,15,35000,50.4
2025-11-12,BABA,2025-11-14,157.5,-0.28,1.48,52,0.94,171,79,5,2,42,19,15800,48.1
2025-11-12,NKE,2025-11-21,61,-0.25,0.53,37,0.87,35,78,9,3,40,32,6100,44.7
2025-11-12,ANET,2025-12-19,125,-0.28,3.80,56,3.04,30,74,8,7,38,16,12500,42.9
2025-11-11,EMBJ,2025-12-19,60,-0.25,1.75,47,2.92,28,77,8,8,59,29,6000,71.7
2025-11-11,GLW,2025-12-05,82,-0.22,1.21,47,1.48,22,79,8,7,57,22,8200,66.1
2025-11-11,NVDA,2025-11-14,192.5,-0.22,1.53,49,0.79,97,82,1,3,58,19,19200,63.9
2025-11-11,BIDU,2025-11-14,128,-0.29,1.98,56,1.55,188,77,8,3,59,18,12800,59.8
2025-11-11,GS,2025-11-21,777.5,-0.29,7.35,31,0.95,35,76,5,2,58,17,77800,59.5
2025-11-11,NEE,2025-12-05,82,-0.30,1.12,28,1.37,21,74,6,3,63,33,8200,56.9
2025-11-11,GILD,2025-12-05,114,-0.30,1.65,34,1.45,22,74,10,4,47,19,11400,56.2
2025-11-11,WMT,2025-11-14,101,-0.26,0.47,33,0.47,57,79,6,1,46,21,10100,52.6
2025-11-11,KKR,2025-11-21,116,-0.29,1.55,43,1.34,49,75,9,3,44,28,11600,47.8
2025-11-11,NXPI,2025-11-21,197.5,-0.28,2.65,45,1.34,49,76,9,4,41,31,19800,41.0
2025-11-06,APH,2025-12-19,130,-0.28,3.50,39,2.69,23,74,6,6,64,32,13000,72.9
2025-11-06,NVDA,2025-11-07,192.5,-0.30,1.76,48,0.91,334,80,2,1,55,21,19200,64.1
2025-11-06,DB,2025-11-21,35,-0.29,0.55,35,1.57,38,75,9,4,62,21,3500,63.5
2025-11-06,JPM,2025-11-21,302.5,-0.26,2.55,25,0.84,21,77,9,3,59,17,30200,62.6
2025-11-06,GLW,2025-11-21,83,-0.27,1.28,51,1.54,38,76,6,5,55,25,8300,62.4
2025-11-06,GS,2025-11-28,765,-0.29,10.40,31,1.36,23,75,10,4,57,18,76500,58.8
2025-11-05,AMAT,2025-11-07,225,-0.28,2.02,50,0.90,109,78,8,2,58,27,22500,61.8
2025-11-05,JPM,2025-11-14,302.5,-0.29,2.58,26,0.85,31,76,9,2,56,19,30200,60.6
2025-11-05,GLW,2025-11-14,82,-0.28,1.10,47,1.34,49,76,9,4,51,26,8200,60.5
2025-11-05,WMT,2025-11-07,101,-0.27,0.46,35,0.46,55,79,4,1,44,19,10100,53.4
2025-11-04,GLW,2025-12-19,80,-0.25,2.02,48,2.53,20,76,8,9,57,28,8000,67.1
2025-11-04,ZM,2025-11-07,84,-0.29,0.37,62,0.44,54,93,8,3,61,21,8400,65.7
2025-11-04,AMAT,2025-11-07,232.5,-0.29,2.25,49,0.97,118,77,6,2,66,28,23200,65.4
2025-11-04,GE,2025-11-21,295,-0.24,3.05,31,1.03,22,79,8,4,57,27,29500,62.4
2025-11-04,IBKR,2025-12-19,67.5,-0.26,1.75,53,2.59,21,75,8,8,64,15,6800,62.2
2025-11-04,JPM,2025-11-14,302.5,-0.29,2.40,25,0.79,29,76,10,2,56,20,30200,59.2
2025-11-04,GS,2025-11-21,750,-0.23,7.25,32,0.97,21,79,10,5,54,18,75000,54.5
2025-11-04,NEE,2025-11-28,79,-0.30,1.12,30,1.42,22,74,7,3,52,37,7900,53.1
2025-11-04,DAL,2025-11-07,57,-0.26,0.52,51,0.91,111,79,6,3,48,15,5700,52.8
2025-11-04,WMT,2025-11-07,100,-0.28,0.49,37,0.49,60,81,6,2,41,19,10000,51.3
2025-11-04,DIS,2025-11-07,110,-0.27,0.50,41,0.45,55,83,10,2,49,14,11000,50.3
2025-11-04,UAL,2025-12-19,85,-0.21,2.18,56,2.56,21,78,8,12,46,18,8500,45.7
2025-11-04,MRK,2025-11-07,81,-0.26,0.45,30,0.56,68,77,9,2,38,19,8100,42.6
2025-10-30,GS,2025-11-21,750,-0.27,10.45,33,1.39,23,76,10,4,54,21,75000,55.6
2025-10-30,UAL,2025-11-21,90,-0.28,2.15,56,2.39,40,74,8,6,45,17,9000,47.9
2025-10-30,NKE,2025-11-21,62.5,-0.29,1.04,36,1.66,28,75,7,4,35,19,6200,42.5
2025-10-29,GE,2025-11-21,297.5,-0.28,4.25,33,1.43,23,76,7,4,60,26,29800,63.9
2025-10-29,IBKR,2025-11-21,65,-0.27,1.20,47,1.85,29,76,8,5,53,18,6500,56.9
2025-10-29,WMT,2025-10-31,101,-0.20,0.29,30,0.29,52,88,7,2,46,15,10100,56.1
2025-10-29,JPM,2025-11-07,297.5,-0.25,1.95,25,0.66,27,79,10,3,53,25,29800,53.5
2025-10-29,DIS,2025-10-31,110,-0.30,0.54,38,0.49,90,82,7,1,46,16,11000,47.6
2025-10-28,NVDA,2025-10-31,185,-0.28,2.07,47,1.12,102,76,0,3,62,16,18500,68.3
2025-10-28,IBKR,2025-11-21,65,-0.24,1.05,41,1.62,24,78,9,6,56,18,6500,62.7
2025-10-28,TOL,2025-11-21,130,-0.23,1.85,37,1.42,21,79,5,6,56,15,13000,61.9
2025-10-28,WMT,2025-10-31,103,-0.27,0.52,29,0.50,46,78,6,1,50,15,10300,60.3
2025-10-28,INTU,2025-11-07,660,-0.23,4.90,40,0.74,25,80,8,3,57,19,66000,48.4
2025-10-23,AAPL,2025-10-24,255,-0.24,0.80,29,0.31,115,86,4,1,60,26,25500,67.6
2025-10-23,WMT,2025-10-24,106,-0.22,0.38,31,0.36,131,84,5,1,61,17,10600,67.5
2025-10-23,GOOG,2025-10-24,247.5,-0.23,0.95,43,0.38,140,88,5,2,60,22,24800,62.6
2025-10-23,NVDA,2025-10-24,175,-0.21,0.75,47,0.43,156,92,1,3,48,17,17500,62.1
2025-10-23,DIS,2025-11-07,110,-0.29,1.19,38,1.08,26,75,9,3,51,18,11000,58.5
2025-10-23,DAL,2025-11-14,57,-0.30,1.28,44,2.25,37,74,9,5,52,17,5700,58.0
2025-10-23,GE,2025-10-31,290,-0.29,3.00,33,1.03,47,76,10,3,52,24,29000,56.9
2025-10-23,NU,2025-11-07,14.5,-0.26,0.19,49,1.31,32,77,10,4,49,22,1400,54.0
2025-10-23,AMZN,2025-10-24,215,-0.29,1.09,43,0.51,185,83,4,1,46,18,21500,53.5
2025-10-23,META,2025-10-24,722.5,-0.28,2.80,44,0.39,141,88,6,1,51,22,72200,53.0
2025-10-23,JPM,2025-10-31,287.5,-0.29,2.40,26,0.83,38,76,9,2,39,27,28800,46.3
2025-10-23,UAL,2025-11-21,90,-0.28,2.38,48,2.64,33,74,5,7,44,18,9000,46.1
2025-10-23,GS,2025-11-21,710,-0.28,11.50,31,1.62,20,76,7,5,39,26,71000,44.7
2025-10-23,BIDU,2025-10-31,112,-0.27,1.71,57,1.53,70,77,9,4,43,26,11200,41.6
2025-10-22,WMT,2025-10-24,105,-0.25,0.40,29,0.38,70,81,7,1,59,18,10500,66.9
2025-10-22,DIS,2025-10-24,112,-0.24,0.42,37,0.38,68,87,9,2,55,19,11200,63.5
2025-10-22,SMCI,2025-10-24,52,-0.24,0.58,86,1.12,204,85,7,5,59,28,5200,63.1
2025-10-22,GOOG,2025-10-24,247.5,-0.24,1.79,43,0.72,132,70,3,2,59,24,24800,62.4
2025-10-22,NVDA,2025-10-24,175,-0.21,0.92,48,0.53,96,87,2,3,49,16,17500,61.8
2025-10-22,AMZN,2025-10-24,217.5,-0.30,0.90,42,0.41,76,91,7,2,51,19,21800,55.2
2025-10-22,UAL,2025-11-14,92,-0.22,1.48,47,1.61,26,79,10,8,50,18,9200,53.7
2025-10-22,META,2025-10-24,720,-0.27,3.29,43,0.46,83,85,3,2,51,23,72000,52.6
2025-10-22,PINS,2025-10-24,33,-0.29,0.25,72,0.76,138,81,8,2,53,25,3300,48.4
2025-10-21,WMT,2025-10-31,104,-0.23,0.60,30,0.58,21,80,10,3,62,18,10400,71.3
2025-10-21,NVDA,2025-10-24,177.5,-0.26,1.46,48,0.82,100,80,1,3,51,16,17800,65.3
2025-10-21,FSLR,2025-10-24,220,-0.21,1.99,61,0.90,110,82,10,4,55,29,22000,62.1
2025-10-21,DAL,2025-10-24,60,-0.27,0.61,44,1.02,124,77,5,3,59,18,6000,61.7
2025-10-21,MSFT,2025-10-24,510,-0.25,1.58,28,0.31,38,82,3,1,53,16,51000,57.8
2025-10-21,UAL,2025-11-14,95,-0.27,2.11,47,2.22,34,75,8,6,52,19,9500,55.7
2025-10-21,DIS,2025-10-24,110,-0.26,0.61,37,0.55,67,79,9,2,47,21,11000,53.5
2025-10-21,META,2025-10-24,720,-0.30,4.57,43,0.63,77,78,7,2,51,24,72000,51.3
2025-10-21,XYZ,2025-10-24,74,-0.24,0.69,64,0.93,113,80,8,3,51,16,7400,50.4
2025-10-21,HD,2025-10-24,382.5,-0.26,1.79,26,0.47,57,79,9,2,43,28,38200,47.9
2025-10-21,AMZN,2025-10-24,212.5,-0.29,1.44,43,0.68,82,79,3,2,43,20,21200,46.0
2025-10-21,PINS,2025-10-31,31,-0.22,0.37,69,1.19,44,80,8,6,47,27,3100,45.7
2025-10-21,DVN,2025-10-24,31,-0.24,0.19,39,0.61,75,82,10,3,37,17,3100,40.6
2025-10-16,NVDA,2025-10-17,175,-0.23,1.17,57,0.67,244,84,1,3,48,17,17500,63.9
2025-10-16,MSFT,2025-10-17,507.5,-0.28,1.71,32,0.34,123,86,3,1,49,17,50800,58.7
2025-10-16,ADI,2025-11-07,225,-0.26,3.80,43,1.69,28,76,8,6,47,31,22500,58.0
2025-10-16,JPM,2025-10-31,295,-0.25,2.64,29,0.89,22,78,9,3,49,22,29500,57.3
2025-10-16,NFLX,2025-10-17,1185,-0.25,4.74,43,0.40,146,85,2,2,49,17,118500,49.9
2025-10-16,META,2025-10-17,707.5,-0.30,3.75,49,0.53,193,84,4,1,44,25,70800,47.1
2025-10-16,AMZN,2025-10-17,212.5,-0.24,1.21,47,0.57,208,83,3,1,41,19,21200,44.6
2025-10-15,AAPL,2025-10-17,242.5,-0.23,0.91,32,0.38,68,87,4,2,51,30,24200,66.4
2025-10-15,MSFT,2025-10-17,505,-0.24,1.80,32,0.36,65,84,3,2,49,18,50500,59.5
2025-10-15,NFLX,2025-10-17,1195,-0.28,6.02,43,0.50,92,82,7,2,53,18,119500,53.3
2025-10-15,AMZN,2025-10-17,212.5,-0.29,1.49,47,0.70,128,78,5,2,41,18,21200,46.2
2025-10-15,META,2025-10-17,695,-0.27,4.20,49,0.60,110,80,8,2,40,25,69500,45.0
2025-10-14,AAPL,2025-10-17,242.5,-0.25,1.06,32,0.44,53,84,3,2,50,32,24200,67.2
2025-10-14,ATI,2025-10-17,80,-0.26,0.82,60,1.02,125,80,7,4,56,23,8000,65.4
2025-10-14,ANET,2025-10-17,142,-0.30,2.16,78,1.52,185,77,9,4,52,17,14200,63.7
2025-10-14,MSFT,2025-10-17,505,-0.25,1.99,32,0.39,48,83,4,2,50,18,50500,59.8
2025-10-14,NFLX,2025-10-17,1192.5,-0.26,6.01,43,0.50,61,83,10,2,54,19,119200,55.5
2025-10-14,WMT,2025-10-24,100,-0.27,0.72,31,0.72,26,77,3,2,51,18,10000,52.3
2025-10-14,AMZN,2025-10-17,215,-0.26,1.32,45,0.61,75,82,2,2,45,17,21500,50.7
2025-10-14,AXP,2025-10-17,312.5,-0.28,3.17,37,1.01,123,80,9,3,44,21,31200,47.8
2025-10-14,META,2025-10-17,700,-0.27,4.42,49,0.63,77,81,7,2,42,24,70000,47.7
2025-10-14,DIS,2025-10-17,108,-0.23,0.53,41,0.49,60,81,9,2,36,20,10800,43.8
2025-10-14,PINS,2025-10-17,31.5,-0.27,0.35,77,1.11,135,73,3,2,42,31,3100,39.6
2025-10-09,NVDA,2025-10-10,185,-0.24,0.86,48,0.46,170,87,6,2,63,18,18500,73.3
2025-10-09,MSFT,2025-10-10,520,-0.27,1.49,28,0.29,105,84,3,1,60,21,52000,69.5
2025-10-09,ANET,2025-10-17,150,-0.26,2.40,65,1.60,73,77,6,5,65,17,15000,68.5
2025-10-09,GE,2025-10-17,295,-0.27,2.34,36,0.79,36,78,7,2,64,26,29500,65.1
2025-10-09,XYZ,2025-10-10,79,-0.22,0.44,63,0.56,203,85,9,3,64,16,7900,64.5
2025-10-09,V,2025-10-17,342.5,-0.23,1.82,27,0.53,24,80,9,3,59,19,34200,60.8
2025-10-09,AMZN,2025-10-10,222.5,-0.28,1.05,39,0.47,172,82,2,1,51,18,22200,52.5
2025-10-09,NFLX,2025-10-10,1202.5,-0.26,5.35,39,0.44,162,82,8,1,53,21,120200,52.3
2025-10-09,BAC,2025-10-10,49,-0.21,0.15,35,0.31,112,87,6,2,42,21,4900,51.5
2025-10-09,WFC,2025-10-10,79,-0.28,0.39,35,0.49,180,81,7,1,40,18,7900,50.9
2025-10-09,META,2025-10-10,707.5,-0.26,2.94,44,0.42,152,84,8,1,39,23,70800,48.6
2025-10-09,ZM,2025-10-17,78,-0.28,0.67,32,0.86,39,77,7,2,43,19,7800,47.2
2025-10-09,DIS,2025-10-17,109,-0.25,0.75,36,0.69,31,79,6,3,38,17,10900,46.2
2025-10-09,UAL,2025-10-10,94,-0.27,1.33,61,1.41,516,83,9,4,46,25,9400,44.2
2025-10-09,INTU,2025-10-31,635,-0.29,9.40,35,1.48,25,75,6,3,36,24,63500,41.3
2025-10-08,GOOG,2025-10-10,242.5,-0.28,1.42,40,0.59,107,82,3,2,62,37,24200,67.2
2025-10-08,GE,2025-10-17,292.5,-0.25,2.26,36,0.77,31,79,9,3,64,26,29200,65.8
2025-10-08,MS,2025-10-10,152.5,-0.21,0.54,34,0.35,65,86,4,2,51,21,15200,61.0
2025-10-08,HWM,2025-10-17,185,-0.27,2.00,39,1.08,44,77,10,3,57,22,18500,60.9
2025-10-08,GS,2025-10-10,775,-0.26,3.67,36,0.47,86,83,7,2,55,31,77500,60.5
2025-10-08,JPM,2025-10-10,302.5,-0.23,1.05,32,0.35,63,83,6,2,51,23,30200,59.0
2025-10-08,BAC,2025-10-10,49.5,-0.26,0.20,33,0.40,74,83,5,2,46,22,5000,54.2
2025-10-08,NTAP,2025-10-17,115,-0.29,1.10,31,0.96,39,76,9,3,47,25,11500,51.3
2025-10-08,NFLX,2025-10-10,1170,-0.26,5.38,39,0.46,84,82,7,2,47,23,117000,47.9
2025-10-08,UAL,2025-10-10,93,-0.23,1.10,57,1.18,216,81,6,4,42,26,9300,39.4
2025-10-07,DELL,2025-10-10,136,-0.27,1.80,47,1.32,97,72,9,3,59,20,13600,74.9
2025-10-07,WPM,2025-10-17,105,-0.24,1.05,38,1.00,30,79,9,4,63,29,10500,66.6
2025-10-07,MS,2025-10-10,155,-0.30,1.13,35,0.73,53,76,4,2,56,24,15500,64.1
2025-10-07,HWM,2025-10-17,182.5,-0.27,2.20,39,1.21,37,77,7,4,53,24,18200,62.3
2025-10-07,GS,2025-10-10,775,-0.29,5.38,36,0.69,51,75,5,2,57,32,77500,62.2
2025-10-07,JPM,2025-10-10,305,-0.30,2.11,31,0.69,51,76,8,2,55,26,30500,61.4
2025-10-07,BAC,2025-10-10,49.5,-0.25,0.27,33,0.55,40,78,7,2,49,24,5000,56.0
2025-10-07,NTAP,2025-10-17,115,-0.26,1.05,29,0.91,28,77,9,3,49,28,11500,53.5
2025-10-02,GOOG,2025-10-03,242.5,-0.27,1.27,38,0.52,96,80,3,1,64,42,24200,75.6
2025-10-02,GE,2025-10-10,292.5,-0.26,2.46,35,0.84,34,78,9,3,65,26,29200,70.3
2025-10-02,MS,2025-10-03,155,-0.29,0.64,35,0.41,75,76,8,1,55,27,15500,65.4
2025-10-02,JPM,2025-10-03,307.5,-0.29,1.07,31,0.35,64,76,5,1,57,29,30800,65.2
2025-10-02,BAC,2025-10-03,50,-0.22,0.17,33,0.34,62,83,6,1,50,27,5000,58.3
2025-10-02,WFC,2025-10-03,80,-0.29,0.41,36,0.51,94,78,7,1,44,23,8000,54.5
2025-10-02,AXP,2025-10-10,317.5,-0.21,1.85,35,0.58,24,81,10,3,48,28,31800,51.7
2025-10-01,GE,2025-10-10,292.5,-0.26,2.46,35,0.84,34,78,9,3,65,26,29200,70.3
2025-10-01,FSLR,2025-10-10,207.5,-0.21,2.36,57,1.14,46,81,7,6,63,26,20800,68.6
2025-10-01,MS,2025-10-10,155,-0.27,1.24,34,0.80,32,77,8,2,62,29,15500,67.5
2025-10-01,GS,2025-10-03,785,-0.30,4.18,35,0.53,97,80,9,1,62,36,78500,65.9
2025-10-01,BAC,2025-10-03,51,-0.29,0.27,33,0.53,97,79,4,1,59,29,5100,62.3
2025-10-01,WFC,2025-10-10,82,-0.29,0.67,35,0.82,33,76,9,2,57,24,8200,61.6
2025-10-01,INTU,2025-10-17,660,-0.27,6.70,30,1.02,23,77,10,3,48,25,66000,52.5
2025-10-01,DIS,2025-10-03,113,-0.25,0.49,32,0.43,79,80,10,1,46,21,11300,52.4
2025-09-30,GE,2025-10-10,285,-0.25,2.30,34,0.81,29,78,7,3,58,27,28500,68.3
2025-09-30,HWM,2025-10-17,185,-0.29,2.70,37,1.46,31,75,9,4,62,24,18500,68.0
2025-09-30,WMT,2025-10-03,102,-0.29,0.46,26,0.45,55,78,6,1,58,20,10200,67.6
2025-09-30,WFC,2025-10-03,83,-0.25,0.37,35,0.45,54,82,8,2,62,25,8300,64.1
2025-09-30,INTU,2025-10-10,680,-0.30,6.10,29,0.90,33,75,8,2,54,26,68000,58.5
2025-09-30,NTAP,2025-10-17,114,-0.26,1.25,28,1.10,24,78,4,4,48,35,11400,57.1
2025-09-30,DIS,2025-10-03,113,-0.25,0.53,31,0.47,57,80,9,2,47,22,11300,54.2
2025-09-30,UAL,2025-10-03,96,-0.28,0.87,57,0.91,110,79,7,3,41,24,9600,43.1
2025-09-26,GE,2025-10-03,290,-0.27,2.26,33,0.78,41,78,8,2,63,28,29000,74.3
2025-09-26,WMT,2025-10-03,101,-0.25,0.52,26,0.51,27,79,7,2,58,21,10100,69.6
2025-09-26,HWM,2025-10-17,180,-0.25,2.50,38,1.39,24,78,10,5,60,23,18000,67.6
2025-09-26,GS,2025-10-03,777.5,-0.29,6.40,35,0.82,43,76,8,2,64,36,77800,67.4
2025-09-26,WFC,2025-10-03,82,-0.22,0.46,36,0.56,29,81,6,3,62,22,8200,67.1
2025-09-26,SCHW,2025-10-03,93,-0.30,0.72,35,0.77,40,76,8,2,52,22,9300,60.6
2025-09-26,UAL,2025-10-03,96,-0.29,1.28,57,1.33,70,76,5,3,41,25,9600,45.6
2025-09-25,WPM,2025-10-10,101,-0.27,1.30,36,1.29,29,77,7,4,58,33,10100,73.7
2025-09-25,WFC,2025-10-03,82,-0.26,0.56,35,0.68,28,78,9,3,62,21,8200,69.3
2025-09-25,GS,2025-10-03,775,-0.29,6.65,34,0.86,35,76,7,2,63,37,77500,68.8
2025-09-25,BAC,2025-09-26,51,-0.25,0.16,32,0.31,57,79,6,1,65,25,5100,68.7
2025-09-25,WMT,2025-09-26,101,-0.21,0.24,26,0.24,43,83,4,2,57,22,10100,68.7
2025-09-25,FLR,2025-10-17,40,-0.21,0.70,58,1.75,28,79,7,9,54,24,4000,61.0
2025-09-25,NVDA,2025-09-26,172.5,-0.20,0.59,43,0.34,62,84,3,3,52,20,17200,58.8
2025-09-25,DIS,2025-10-03,111,-0.28,0.82,30,0.74,30,77,7,2,40,21,11100,53.1
2025-09-25,UAL,2025-10-03,98,-0.29,1.40,57,1.43,58,75,5,3,46,25,9800,50.9
2025-09-24,BAC,2025-09-26,51,-0.27,0.21,31,0.41,50,76,5,1,65,24,5100,72.3
2025-09-24,ANET,2025-09-26,141,-0.30,1.22,52,0.87,105,74,8,2,55,20,14100,68.9
2025-09-24,WMT,2025-09-26,101,-0.23,0.37,25,0.37,45,81,8,1,56,22,10100,68.0
2025-09-24,FSLR,2025-09-26,210,-0.29,2.00,55,0.95,116,75,7,3,64,23,21000,67.5
2025-09-24,NVDA,2025-09-26,175,-0.30,1.26,44,0.72,88,76,4,2,54,21,17500,62.3
2025-09-24,SCHW,2025-09-26,92,-0.20,0.27,34,0.29,36,82,4,2,49,22,9200,61.4
2025-09-24,UAL,2025-09-26,101,-0.24,0.70,54,0.69,84,77,6,3,53,26,10100,58.0
2025-09-23,ANET,2025-09-26,142,-0.29,1.37,51,0.96,117,77,7,2,57,21,14200,69.6
2025-09-23,NVDA,2025-09-26,177.5,-0.24,1.12,43,0.63,77,86,5,3,62,22,17800,67.3
2025-09-23,WMT,2025-09-26,101,-0.26,0.42,25,0.42,51,83,5,2,57,23,10100,64.7
2025-09-23,UAL,2025-09-26,101,-0.23,0.78,53,0.77,94,81,9,3,53,28,10100,62.3
2025-09-23,TJX,2025-10-03,137,-0.28,0.76,20,0.55,20,77,10,2,57,38,13700,56.8
2025-09-16,ANET,2025-09-19,141,-0.24,1.15,45,0.82,74,80,8,3,60,24,14100,70.2
2025-09-16,AXP,2025-09-19,320,-0.22,1.57,33,0.49,45,81,7,2,59,23,32000,66.9
2025-09-16,UAL,2025-09-19,102,-0.29,1.11,54,1.09,99,76,5,2,56,33,10200,66.8
2025-09-16,AAPL,2025-09-19,232.5,-0.22,0.97,25,0.42,38,82,2,2,60,24,23200,66.3
2025-09-16,WMT,2025-09-19,102,-0.22,0.37,22,0.36,33,82,3,2,64,23,10200,63.0
2025-09-16,NVDA,2025-10-17,170,-0.30,3.75,38,2.21,25,74,1,4,55,26,17000,59.2
2025-09-16,SCHW,2025-09-19,90,-0.23,0.49,33,0.54,50,81,4,2,40,22,9000,54.5
2025-09-11,TME,2025-10-17,24,-0.28,0.55,40,2.29,23,74,9,6,63,23,2400,71.3
2025-09-11,AXP,2025-09-12,320,-0.24,1.30,31,0.41,148,83,7,1,57,22,32000,70.1
2025-09-11,ADI,2025-09-19,240,-0.24,1.65,28,0.69,31,79,9,3,57,24,24000,68.1
2025-09-11,ETN,2025-10-03,350,-0.30,5.10,29,1.46,24,74,9,3,58,23,35000,60.2
2025-09-11,NVDA,2025-09-12,175,-0.27,1.17,38,0.67,244,82,1,1,55,31,17500,57.9
2025-09-11,WMT,2025-09-19,98,-0.22,0.47,24,0.48,22,81,6,2,54,22,9800,54.4
2025-09-11,XYZ,2025-09-19,70,-0.20,0.64,45,0.91,42,82,5,5,43,22,7000,49.6
2025-09-10,PHM,2025-10-03,131,-0.29,2.15,33,1.64,25,75,9,4,64,36,13100,78.2
2025-09-10,UAL,2025-09-19,100,-0.24,1.31,47,1.31,48,79,5,5,64,34,10000,76.1
2025-09-10,AXP,2025-09-12,320,-0.29,1.56,31,0.49,59,76,6,1,58,23,32000,72.0
2025-09-10,ADI,2025-09-19,242.5,-0.29,2.05,28,0.85,31,76,9,2,58,25,24200,70.0
2025-09-10,DKS,2025-09-19,212.5,-0.26,2.15,33,1.01,37,77,9,4,52,21,21200,59.7
2025-09-10,WMT,2025-09-12,101,-0.23,0.30,22,0.30,36,82,10,1,62,23,10100,57.1
2025-09-10,VST,2025-09-19,185,-0.27,2.94,52,1.59,58,77,4,5,51,21,18500,55.0
2025-09-10,XYZ,2025-09-12,73,-0.22,0.44,44,0.60,73,80,7,3,48,23,7300,53.7
2025-09-10,NVDA,2025-09-12,167.5,-0.22,1.05,37,0.63,76,70,5,2,44,32,16800,50.9
2025-09-09,AXP,2025-09-12,320,-0.28,1.60,30,0.50,61,80,7,2,60,23,32000,73.0
2025-09-09,ADI,2025-09-19,240,-0.21,1.50,28,0.62,23,81,10,4,60,26,24000,69.9
2025-09-09,ANET,2025-09-12,135,-0.26,1.43,44,1.06,129,79,9,4,64,22,13500,61.3
2025-09-09,WMT,2025-09-12,101,-0.27,0.31,22,0.31,37,83,6,1,63,22,10100,57.5
2025-09-09,ETN,2025-09-12,342.5,-0.27,2.28,29,0.67,81,77,10,2,45,24,34200,50.3
2025-09-09,XYZ,2025-09-12,74,-0.30,0.71,43,0.96,117,78,4,2,49,24,7400,49.4
